id	tipo	fuente	x0	y0	x1	y1	rotacion_lectura	espejo_lectura	literal	valor	unidad_visible	unidad_propuesta	confianza_lectura	ubicacion	t08_ids	uso	nota
T09-D01	cota	p20_planta	437	87	477	126	0	false	ø 150	150		cm	alta	Giro junto a dormitorio 3	CL-C02;CL-L02	control_secundario	Diámetro de reserva de maniobra; no ancho del dormitorio. La unidad cm se propone por contexto; no está impresa junto a esta cifra.
T09-D02	cota	p20_planta	339	433	375	474	0	false	ø 150	150		cm	alta	Giro dormitorio 1	CL-C01;CL-L03	control_secundario	Diámetro de reserva de maniobra; no dimensión de la cama. La unidad cm se propone por contexto; no está impresa junto a esta cifra.
T09-D03	cota	p20_planta	901	342	944	383	0	false	ø 150	150		cm	alta	Giro baño	CL-C03;CL-L04	control_secundario	Diámetro superpuesto al achurado; no límite de recinto. La unidad cm se propone por contexto; no está impresa junto a esta cifra.
T09-D04	cota	p20_planta	1296	290	1342	337	0	false	ø 150	150		cm	alta	Giro estar	CL-C04;CL-L05	control_secundario	Diámetro de reserva de maniobra junto al sofá. La unidad cm se propone por contexto; no está impresa junto a esta cifra.
T09-D05	cota	p20_planta	902	237	922	253	0	false	90	90		cm	alta	Baño, cadena superior izquierda	CL-C05	candidato_T10	Primer tramo horizontal entre proyecciones; sus extremos se medirán en T10. La unidad cm se propone por contexto; no está impresa junto a esta cifra.
T09-D06	cota	p20_planta	979	237	999	253	0	false	40	40		cm	alta	Baño, cadena superior derecha	CL-C05	candidato_T10	Segundo tramo horizontal junto al equipo; no ancho de puerta. La unidad cm se propone por contexto; no está impresa junto a esta cifra.
T09-D07	cota	p20_planta	930	323	956	344	0	false	120	120		cm	alta	Baño, achurado central	CL-C05;CL-T01	candidato_T10	Rótulo horizontal de la zona achurada; no espesor ni longitud de tabique. La unidad cm se propone por contexto; no está impresa junto a esta cifra.
T09-D08	cota	p20_planta	939	353	965	386	270	false	80	80		cm	media	Baño, achurado central, sentido perpendicular	CL-C05;CL-T01	lectura_por_confirmar	Cifra girada sobre trama; lectura probable 80. No usar sola para calibrar. La unidad cm se propone por contexto; no está impresa junto a esta cifra.
T09-D09	cota	p20_planta	873	464	894	483	0	false	80	80		cm	alta	Baño, tramo junto al inodoro	CL-C05	candidato_T10	Dimensión horizontal de la reserva contigua al sanitario, no ancho total del baño. La unidad cm se propone por contexto; no está impresa junto a esta cifra.
T09-D10	cota	p20_planta	961	464	982	483	0	false	70	70		cm	alta	Baño, tramo sobre la proyección del inodoro	CL-C05	candidato_T10	Tramo horizontal contiguo al anterior; no tratar como ancho de puerta. La unidad cm se propone por contexto; no está impresa junto a esta cifra.
T09-D11	cota	p20_planta	925	603	953	636	270	false	90	90		cm	media	Baño, achurado previo a ducha	CL-C05;CL-T02	lectura_por_confirmar	Cifra girada sobre trama; lectura probable 90. No define un escalón. La unidad cm se propone por contexto; no está impresa junto a esta cifra.
T09-D12	cota	p20_planta	1107	629	1144	648	0	false	137.5	137.5		cm	alta	Logia, cota horizontal superior	CL-C06	candidato_T10	Conservar el punto decimal literal; no igualar automáticamente al ancho libre de puerta. La unidad cm se propone por contexto; no está impresa junto a esta cifra.
T09-D13	cota	p20_planta	1135	649	1158	670	0	false	90	90		cm	alta	Logia, cota horizontal inferior	CL-C06	candidato_T10	Tramo horizontal superpuesto al acceso; soporte y extremos exactos pendientes. La unidad cm se propone por contexto; no está impresa junto a esta cifra.
T09-D14	cota	p20_planta	1150	629	1169	654	270	false	50	50		cm	alta	Logia, cota vertical	CL-C06	candidato_T10	Control vertical complementario; distinguirlo del arco de puerta. La unidad cm se propone por contexto; no está impresa junto a esta cifra.
T09-E01	espesor	p20_planta	211	3	255	19	0	false	M.H.A. 15cm	15	cm		alta	Borde superior izquierdo	CL-M01	espesor_documentado	El 15 cm está impreso en este paño. No extenderlo a tabiques con otro código ni añadir acabados sin evidencia.
T09-E02	espesor	p20_planta	1247	3	1295	19	0	false	M.H.A. 15cm	15	cm		alta	Borde superior derecho	CL-M01	espesor_documentado	El 15 cm está impreso en este paño. No extenderlo a tabiques con otro código ni añadir acabados sin evidencia.
T09-E03	espesor	p20_planta	4	29	20	75	270	false	M.H.A. 15cm	15	cm		alta	Borde izquierdo, paño superior D3	CL-M02	espesor_documentado	El 15 cm está impreso en este paño. No extenderlo a tabiques con otro código ni añadir acabados sin evidencia.
T09-E04	espesor	p20_planta	4	324	20	374	270	false	M.H.A. 15cm	15	cm		alta	Borde izquierdo, paño D1	CL-M03	espesor_documentado	El 15 cm está impreso en este paño. No extenderlo a tabiques con otro código ni añadir acabados sin evidencia.
T09-E05	espesor	p20_planta	1515	583	1533	630	270	false	M.H.A. 15cm	15	cm		alta	Borde derecho exterior	CL-M04	espesor_documentado	El 15 cm está impreso en este paño. No extenderlo a tabiques con otro código ni añadir acabados sin evidencia.
T09-E06	espesor	p20_planta	482	492	501	540	270	false	M.H.A. 15cm	15	cm		alta	Paño inferior entre D1 y D2	CL-M10	espesor_documentado	El 15 cm está impreso en este paño. No extenderlo a tabiques con otro código ni añadir acabados sin evidencia.
T09-E07	espesor	p20_planta	817	518	834	565	270	false	M.H.A. 15cm	15	cm		alta	Retorno exterior izquierdo del baño	CL-M07	espesor_documentado	El 15 cm está impreso en este paño. No extenderlo a tabiques con otro código ni añadir acabados sin evidencia.
T09-E08	espesor	p20_planta	1192	433	1210	481	270	false	M.H.A. 15cm	15	cm		alta	Paño corto cocina-estar	CL-M18	espesor_documentado	El 15 cm está impreso en este paño. No extenderlo a tabiques con otro código ni añadir acabados sin evidencia.
T09-R01	codigo	p20_planta	752	4	810	19	0	false	TAB-8A F-90				alta	Borde superior central	CL-M01	sin_espesor_documentado	Código de tipo, no medida de espesor. Los números que siguen a F no se convierten en centímetros. Falta cuadro de composición y espesores aplicable al T7.
T09-R02	codigo	p20_planta	299	126	342	141	0	false	TAB-1C F-15				alta	Cabecera nicho D3	CL-M13	sin_espesor_documentado	Código de tipo, no medida de espesor. Los números que siguen a F no se convierten en centímetros. Falta cuadro de composición y espesores aplicable al T7.
T09-R03	codigo	p20_planta	349	140	364	187	270	false	TAB-1C F-15				alta	Lateral derecho nicho D3	CL-M13	sin_espesor_documentado	Código de tipo, no medida de espesor. Los números que siguen a F no se convierten en centímetros. Falta cuadro de composición y espesores aplicable al T7.
T09-R04	codigo	p20_planta	304	194	349	209	0	false	TAB-1C F-15				alta	Separación D1-D3 sobre armario	CL-M12	sin_espesor_documentado	Código de tipo, no medida de espesor. Los números que siguen a F no se convierten en centímetros. Falta cuadro de composición y espesores aplicable al T7.
T09-R05	codigo	p20_planta	224	202	241	258	270	false	TAB-1C F-15				alta	Retorno izquierdo armario D1	CL-M12	sin_espesor_documentado	Código de tipo, no medida de espesor. Los números que siguen a F no se convierten en centímetros. Falta cuadro de composición y espesores aplicable al T7.
T09-R06	codigo	p20_planta	93	264	134	279	0	false	TAB-1C F-15				alta	Separación D1-D3 hacia fachada	CL-M12	sin_espesor_documentado	Código de tipo, no medida de espesor. Los números que siguen a F no se convierten en centímetros. Falta cuadro de composición y espesores aplicable al T7.
T09-R07	codigo	p20_planta	474	216	489	271	270	false	TAB-1C F-15				alta	Separación D1-D2, tramo superior	CL-M10	sin_espesor_documentado	Código de tipo, no medida de espesor. Los números que siguen a F no se convierten en centímetros. Falta cuadro de composición y espesores aplicable al T7.
T09-R08	codigo	p20_planta	478	280	493	320	270	false	TAB-1C F-15				alta	Separación D1-D2 ante armario D2	CL-M10	sin_espesor_documentado	Código de tipo, no medida de espesor. Los números que siguen a F no se convierten en centímetros. Falta cuadro de composición y espesores aplicable al T7.
T09-R09	codigo	p20_planta	545	149	565	196	270	false	TAB-1C F-15				alta	Retorno en cabecera D2	CL-M14	sin_espesor_documentado	Código de tipo, no medida de espesor. Los números que siguen a F no se convierten en centímetros. Falta cuadro de composición y espesores aplicable al T7.
T09-R10	codigo	p20_planta	634	144	682	160	0	false	TAB-1C F-15				alta	Paño horizontal de cabecera D2	CL-M14	sin_espesor_documentado	Código de tipo, no medida de espesor. Los números que siguen a F no se convierten en centímetros. Falta cuadro de composición y espesores aplicable al T7.
T09-R11	codigo	p20_planta	812	257	831	297	270	false	TAB-1C F-15				alta	Separación D2-baño	CL-M11	sin_espesor_documentado	Código de tipo, no medida de espesor. Los números que siguen a F no se convierten en centímetros. Falta cuadro de composición y espesores aplicable al T7.
T09-R12	codigo	p20_planta	924	144	981	160	0	false	TAB-1D F-15				alta	Cabecera baño	CL-M15	sin_espesor_documentado	Código de tipo, no medida de espesor. Los números que siguen a F no se convierten en centímetros. Falta cuadro de composición y espesores aplicable al T7.
T09-R13	codigo	p20_planta	1030	144	1088	160	0	false	TAB-?A F-120				media	Cabecera nicho cocina	CL-M17	sin_espesor_documentado	Código de tipo, no medida de espesor. Los números que siguen a F no se convierten en centímetros. Falta cuadro de composición y espesores aplicable al T7. Lectura candidata del tipo: TAB-10A; caracteres centrales ambiguos, conservar transcripción parcial.
T09-R14	codigo	p20_planta	1036	245	1086	261	0	false	TAB-1D F-15				alta	Base nicho cocina	CL-M17	sin_espesor_documentado	Código de tipo, no medida de espesor. Los números que siguen a F no se convierten en centímetros. Falta cuadro de composición y espesores aplicable al T7.
T09-R15	codigo	p20_planta	1007	317	1024	361	270	false	TAB-1D F-15				alta	Separación baño-cocina a mitad del baño	CL-M16	sin_espesor_documentado	Código de tipo, no medida de espesor. Los números que siguen a F no se convierten en centímetros. Falta cuadro de composición y espesores aplicable al T7.
T09-R16	codigo	p20_planta	1022	528	1075	545	0	false	TAB-1D F-15				alta	Bajo lavaplatos de cocina	CL-M19	sin_espesor_documentado	Código de tipo, no medida de espesor. Los números que siguen a F no se convierten en centímetros. Falta cuadro de composición y espesores aplicable al T7.
T09-R17	codigo	p20_planta	995	547	1013	590	270	false	TAB-1D F-15				alta	Retorno baño junto a logia	CL-M16	sin_espesor_documentado	Código de tipo, no medida de espesor. Los números que siguen a F no se convierten en centímetros. Falta cuadro de composición y espesores aplicable al T7.
T09-R18	codigo	p20_planta	1192	534	1210	578	270	false	TAB-1D F-15				alta	Separación cocina-estar, tramo delgado	CL-M18	sin_espesor_documentado	Código de tipo, no medida de espesor. Los números que siguen a F no se convierten en centímetros. Falta cuadro de composición y espesores aplicable al T7.
T09-R19	codigo	p20_planta	1197	664	1219	725	270	false	TAB-1D F-15				alta	Separación logia-comedor	CL-M18	sin_espesor_documentado	Código de tipo, no medida de espesor. Los números que siguen a F no se convierten en centímetros. Falta cuadro de composición y espesores aplicable al T7.
T09-R20	codigo	p20_planta	1003	597	1040	616	0	false	TAB-2A F-60				alta	Cabecera volumen técnico	CL-M20	sin_espesor_documentado	Código de tipo, no medida de espesor. Los números que siguen a F no se convierten en centímetros. Falta cuadro de composición y espesores aplicable al T7.
T09-R21	codigo	p20_planta	1049	597	1090	615	0	false	TAB-5 F-30				alta	Cabecera lavadero logia	CL-M19	sin_espesor_documentado	Código de tipo, no medida de espesor. Los números que siguen a F no se convierten en centímetros. Falta cuadro de composición y espesores aplicable al T7.
T09-R22	codigo	p20_planta	998	650	1015	703	270	false	TAB-3A F-60				alta	Lateral baño-volumen técnico	CL-M20	sin_espesor_documentado	Código de tipo, no medida de espesor. Los números que siguen a F no se convierten en centímetros. Falta cuadro de composición y espesores aplicable al T7.
T09-R23	codigo	p20_planta	1030	660	1048	710	270	false	TAB-3A F-60				alta	Lateral volumen técnico-logia	CL-M20	sin_espesor_documentado	Código de tipo, no medida de espesor. Los números que siguen a F no se convierten en centímetros. Falta cuadro de composición y espesores aplicable al T7.
T09-R24	codigo	p20_planta	218	631	271	647	0	false	TAB-11A F-120				alta	Fachada inferior D1	CL-M05	sin_espesor_documentado	Código de tipo, no medida de espesor. Los números que siguen a F no se convierten en centímetros. Falta cuadro de composición y espesores aplicable al T7.
T09-R25	codigo	p20_planta	741	631	793	647	0	false	TAB-11A F-120				alta	Fachada inferior D2	CL-M06	sin_espesor_documentado	Código de tipo, no medida de espesor. Los números que siguen a F no se convierten en centímetros. Falta cuadro de composición y espesores aplicable al T7.
T09-R26	codigo	p20_planta	844	779	877	797	0	false	TAB-11B				alta	Paño corto junto a ventana baño	CL-M08	sin_espesor_documentado	Código de tipo, no medida de espesor. Los números que siguen a F no se convierten en centímetros. Falta cuadro de composición y espesores aplicable al T7. Solo se lee TAB-11B; no añadir un sufijo F ausente.
T09-R27	codigo	p20_planta	992	779	1041	798	0	false	TAB-11A F-120				alta	Fachada inferior baño-logia	CL-M09	sin_espesor_documentado	Código de tipo, no medida de espesor. Los números que siguen a F no se convierten en centímetros. Falta cuadro de composición y espesores aplicable al T7.
T09-R28	codigo	p20_planta	1467	777	1524	802	0	false	TAB-11A F-120				alta	Fachada inferior comedor	CL-M09	sin_espesor_documentado	Código de tipo, no medida de espesor. Los números que siguen a F no se convierten en centímetros. Falta cuadro de composición y espesores aplicable al T7.
T09-A01	superficie	p20_pagina	17	88	124	103	0	false	76,66 m2 EDIFICADO	76.66	m2		alta	Encabezado: superficie edificada	CL-A04	contraste_T13	Dato documental, no medición geométrica. La mención de 0,00 m2 no demuestra la inexistencia de la zona exterior dibujada.
T09-A02	superficie	p20_pagina	132	88	222	103	0	false	0,00 m2 TERRAZA	0	m2		alta	Encabezado: superficie de terraza	CL-A04	contraste_T13	Dato documental, no medición geométrica. La mención de 0,00 m2 no demuestra la inexistencia de la zona exterior dibujada.
T09-A03	superficie	p20_pagina	17	103	102	118	0	false	TOTAL 76,66 m2	76.66	m2		alta	Encabezado: superficie total	CL-A04	contraste_T13	Dato documental, no medición geométrica. La mención de 0,00 m2 no demuestra la inexistencia de la zona exterior dibujada.
T09-A04	superficie	p20_planta	1292	78	1400	103	0	false	SUP: 76,80 m2	76.80	m2		alta	Rótulo dentro de la planta	CL-A04	contraste_T13	Difiere en 0,14 m2 del encabezado; resolver perímetro de cómputo y área útil en T13.
T09-B01	complementaria	p23_obj210	1535	419	1780	463	0	false	PERFILES 150 MM	150	mm		alta	Página 23, detalle Galaxy DS49, perfiles		no_atribuir_T7	Dimensión de perfiles de un sistema ilustrado. No acredita espesor terminado de los tabiques del T7.
T09-B02	complementaria	p23_obj210	1095	1268	1460	1325	0	false	DESCARGA SANITARIA 110 MM	110	mm		alta	Página 23, detalle Galaxy DS49, descarga		no_atribuir_T7	Dimensión de instalación sanitaria genérica, no medida arquitectónica ni espesor de muro del T7.
T09-B03	complementaria	p24_obj222	187	6	244	22	0	true	267,5	267.5		cm	media	Página 24, diagrama de supertabique, cota horizontal		no_atribuir_T7	Lectura probable; unidad no explícita y sin identificación T7. La imagen embebida tiene texto reflejado; se refleja solo el recorte de lectura.
T09-B04	complementaria	p24_obj222	0	0	407	364	0	true	Diagrama acotado: otras cotas parciales				baja	Página 24, diagrama de instalaciones		no_atribuir_T7	Hay cotas verticales y parciales y diámetros de tuberías. No se certifican altura, unidades generales ni vinculación al T7; tampoco corresponde medir la losa o el cielo con esta figura.
